videoId,title,channelId,channelTitle,Date,videoViewCount,likeCount,dislikeCount,commentCount,channelViewCount,subscriberCount,videoCount,positive_comments,negative_comments,neutral_comments,stock_price_before,stock_date_before,stock_price_after,stock_date_after
OFA7KG1SvUk,10 Funny Questions to ask Alexa and Google Home This Diwali | Hindi | Part 3,UCL5et1s49vM1uia_iEKbfwQ,TQnet,2020-11-08,124954,12913,321,502,2979143,28200,84,158,16,244,1759.72998046875,2020-11-06,1772.260009765625,2020-11-13
_k5qVtXF9jU,"Google Home Mini, ¿para qué sirve? ¿vale la pena?",UCkdFXlSdL1cmYbpbry2wsdA,Alejandro Pérez,2018-10-21,1069760,13408,532,527,76825026,332000,877,7,1,77,1105.1800537109377,2018-10-19,1083.75,2018-10-26
mDHIbV0GJSo,"Google Home Mini Review (in Hindi) - Smart Speaker for Rs. 4,999 (+Surprise)",UCix7HIJ74fUDlHDkAAcyRPA,Gogi Tech,2018-04-13,1035405,9574,1285,626,380597468,2350000,2787,125,10,82,1037.2900390625,2018-04-12,1089.449951171875,2018-04-19
5RHtFgpE_kM,"Mi Smart Speaker - Should you buy this or Amazon Echo, Google Home Speaker?",UCix7HIJ74fUDlHDkAAcyRPA,Gogi Tech,2020-10-02,53563,2431,152,253,380597468,2350000,2787,120,6,97,1487.9000244140625,2020-10-01,1483.4300537109375,2020-10-08
QG6GCyWBOSM,SFIDA ALEXA vs. GOOGLE HOME | Chi è il più intelligente?,UCWvaO5qbph2r5yob1ZGLgfQ,Ferry,2018-12-14,991014,13400,796,1039,19113089,133000,886,20,19,230,1073.5400390625,2018-12-13,1023.5800170898438,2018-12-20
uDI6kGfV-6Q,Smart Home Setups - Google Home + Philips Hue!,UCDlQwv99CovKafGvxyaiNDA,Jonathan Morrison,2016-12-31,887430,18958,338,972,425127429,2660000,1199,340,51,268,792.4500122070312,2016-12-30,825.2100219726562,2017-01-06
_HPqvk1i4SU,RASAKAN SENSASI DI MASA DEPAN DENGAN ALAT INI! | Review + Unboxing Google Home,UCHeJ66MuA0JFQKnm_Yxpb0g,Kevin Hendrawan,2017-07-12,869777,28532,451,3705,210831940,1960000,593,53,9,369,953.530029296875,2017-07-11,986.9500122070312,2017-07-18
IOy2GG1wRgE,Google Home MINI : JARVIS IRON MAN HARGA ANAK KOS!,UCHeJ66MuA0JFQKnm_Yxpb0g,Kevin Hendrawan,2017-12-12,235278,6291,101,670,210831940,1960000,593,44,11,390,1051.969970703125,2017-12-11,1085.0899658203123,2017-12-18
3kakhXL4avk,12 Cosas INCREÍBLES que puedes hacer con GOOGLE HOME,UCoTyVfIkM-hjz4JauDoVvog,ExpCaseros,2018-12-17,848678,25198,1407,3544,2349860622,11300000,848,24,3,455,1051.7099609375,2018-12-14,991.25,2018-12-21
56miYa3-7gY,Google Home - Désormais Disponible - Google France,UC6KUvtitNkyAZdJpR03DAHg,Google France,2017-08-03,844099,3481,2185,343,141458679,217000,295,20,3,83,947.6400146484376,2017-08-02,940.0800170898438,2017-08-09
svg9E-19F4M,Il Miglior Assistente Vocale?? GOOGLE Contro AMAZON,UCxO46fGxONZ6CbRs58MtNSg,BasemenTech,2018-11-20,835345,20120,920,1204,6621876,79000,186,47,16,264,1027.4200439453123,2018-11-19,1055.93994140625,2018-11-26
dBo0xErdjcw,Google Home Hub review: Small smart display with big smart home powers,UCOmcA3f_RrH6b9NmcNa4tdg,CNET,2018-10-22,357589,1746,194,251,1288417378,2890000,19961,39,14,23,1105.1800537109377,2018-10-19,1083.75,2018-10-26
cBwP4QGpUHk,Nest Audio review: Is Google&#39;s new smart speaker any good?,UCOmcA3f_RrH6b9NmcNa4tdg,CNET,2020-10-05,120918,2301,126,151,1288417378,2890000,19961,50,15,27,1455.5999755859375,2020-10-02,1510.449951171875,2020-10-09
ypCIevQWdo8,Apple&#39;s HomePod Mini takes on the best of the smallest from Amazon and Google,UCOmcA3f_RrH6b9NmcNa4tdg,CNET,2020-11-25,50680,1006,105,169,1288417378,2890000,19961,53,24,33,1763.9000244140625,2020-11-24,1795.3599853515625,2020-12-01
XTaEGavsa24,Cómo empezar tu Smart Home,UCEgF6KhiOxSe-oRDUJba3Kg,Victor Abarca,2019-01-09,800597,24742,804,669,84221654,654000,436,20,4,207,1085.3699951171877,2019-01-08,1086.510009765625,2019-01-15
Zqd98YwWqMs,"Google Home Mini en español, ¿es útil?",UCEgF6KhiOxSe-oRDUJba3Kg,Victor Abarca,2018-07-21,751627,11834,992,731,84221654,654000,436,24,6,155,1197.8800048828125,2018-07-20,1252.8900146484375,2018-07-27
LxuHbgz1UtI,Meet Nest Hub,UCWmlRLAOpx9f1t_cVkBx8-g,Google Nest,2018-10-09,773089,3313,481,372,274518288,295000,151,44,10,57,1155.9200439453125,2018-10-08,1102.43994140625,2018-10-15
2_pE3f4lJio,Meet Google Home Max,UCWmlRLAOpx9f1t_cVkBx8-g,Google Nest,2017-10-04,521213,2786,349,306,274518288,295000,151,25,6,25,972.0800170898438,2017-10-03,987.7999877929688,2017-10-10
4xWkqGZeWIc,Trên tay CƠN SỐT LOA GOOGLE HOME nói tiếng Việt ? Đáng mua VKL,UCSeca92q0ZaRIcLOcsNsQyg,BanLinhKien.Vn,2019-06-23,712816,9818,381,1291,20698358,176000,457,63,7,399,1125.3699951171877,2019-06-21,1082.800048828125,2019-06-28
ZZZC9Yety48,Tùy chỉnh câu yêu cầu và phản hồi của Google Home cực bá đạo,UCSeca92q0ZaRIcLOcsNsQyg,BanLinhKien.Vn,2019-07-25,152263,2283,63,281,20698358,176000,457,8,0,77,1139.72998046875,2019-07-24,1218.199951171875,2019-07-31
9TQFqaYfq7A,Hàng HOT GOOGLE HUB là máy tính bảng hay trợ lý ảo? BÁ ĐẠO hơn Alexa nhiều,UCSeca92q0ZaRIcLOcsNsQyg,BanLinhKien.Vn,2019-07-04,71897,817,31,203,20698358,176000,457,6,1,52,1122.989990234375,2019-07-03,1140.9100341796875,2019-07-10
vZGbKPHOjAM,【人工知能】話題の「しゃべるスピーカー」と会話した結果…ブチギレ寸前【Google Home Mini】,UC9WJo5ZJVXMZiA5XV2jLx5Q,吉田製作所,2019-08-10,700954,9523,2406,1466,237475033,706000,357,23,0,772,1188.9000244140625,2019-08-09,1179.2099609375,2019-08-16
zq-eSYTGbAY,FINALMENTE L&#39;HO COMPRATO! - Google Home,UCDz3CjAc51W-YtsxYtSPZXg,GiampyTek,2018-04-05,689709,36865,771,1910,536067549,1890000,2262,208,9,569,1029.7099609375,2018-04-04,1025.06005859375,2018-04-11
nEInzisK78c,Sjov med Google Home #2,UCVNSyYuNQUwJiD0TVst9Szg,Niki Topgaard,2019-05-05,682638,15423,268,539,85797848,216000,144,56,25,257,1189.550048828125,2019-05-03,1167.6400146484375,2019-05-10
p5ZeYN-_V0o,Sjov med Google Home #3,UCVNSyYuNQUwJiD0TVst9Szg,Niki Topgaard,2019-09-14,648326,14589,289,731,85797848,216000,144,85,18,347,1240.030029296875,2019-09-13,1229.8399658203125,2019-09-20
pM7qhOtZ8_c,便利すぎ！車内でGoogle Home使ってみた！,UCVPz_nauEJpqPxxvYiOpCHQ,カズチャンネル/Kazu Channel,2017-12-16,677547,3963,449,468,862368291,1830000,2358,4,0,273,1072.0,2017-12-15,1068.8599853515623,2017-12-22
3BJVTypIMI4,Philips Hue Smart Lights Setup (with Alexa &amp; Google Home!) | The Tech Chap,UCzlXf-yUIaOpOjEjPrOO9TA,The Tech Chap,2017-12-05,666111,5556,421,273,216034385,963000,720,42,4,11,1011.8699951171876,2017-12-04,1051.969970703125,2017-12-11
_GdvyWH5q2U,Google Assistant - What can it do in 2020?,UCJOl2JvledP26K2OQ_HLgnQ,6 Months Later Reviews,2020-01-04,660078,9166,364,487,17430070,99400,151,78,12,30,1361.52001953125,2020-01-03,1428.9599609375,2020-01-10
6G1mx8vc8Vg,Google Home Mini and Max first look,UCddiUEpeqJcYeBxX1IVBKvQ,The Verge,2017-10-04,654500,6272,305,369,872554838,3070000,3947,76,36,64,972.0800170898438,2017-10-03,987.7999877929688,2017-10-10
5qL_QfYdc48,Google Home Hub hands-on,UCddiUEpeqJcYeBxX1IVBKvQ,The Verge,2018-10-09,311601,2338,274,216,872554838,3070000,3947,54,31,53,1155.9200439453125,2018-10-08,1102.43994140625,2018-10-15
1KVNK-T1jdI,Trucos AVANZADOS para tu GOOGLE HOME (Parte 1) | Sácale MÁS provecho + Review Google Nest Home Mini,UCbotAzxzA5Y8WcjNh5K9ZkQ,Tecnoanalisis en Español,2019-01-27,587329,13082,592,523,11382049,156000,72,4,0,57,1101.510009765625,2019-01-25,1118.6199951171877,2019-02-01
nVL_zjP-1i0,"Un mese con GOOGLE HOME Recensione TicHome, Home e Mini",UC5yXB_ThsufRJYMRlzIGoeQ,andreagaleazzi.com,2018-05-06,576730,8715,283,654,432057427,1080000,2461,53,12,209,1051.0,2018-05-04,1103.3800048828123,2018-05-11
UhnZ-c_Y_2Q,GOOGLE HOME e MINI Unboxing e prima configurazione,UC5yXB_ThsufRJYMRlzIGoeQ,andreagaleazzi.com,2018-03-26,325724,6296,198,370,432057427,1080000,2461,46,2,149,1026.550048828125,2018-03-23,1037.1400146484377,2018-03-29
NIeGL1k50CE,Introducing Technoblade Home,UCryKACitFpPVPiqvYH6pQBQ,OmicronGaming,2019-07-20,572881,26635,193,771,17596743,143000,496,32,7,55,1131.550048828125,2019-07-19,1245.219970703125,2019-07-26
dvL9CdNNfbY,"Claro que Funciona, Controlo toda mi casa con Google Home Mini Review -  México◀︎Denek32",UCFkRM-EP0VNqkuFrkHSkGFg,Denek32,2018-11-03,560472,10349,374,780,88688554,422000,1216,13,0,101,1071.489990234375,2018-11-02,1077.02001953125,2018-11-09
0Mls_BDLzGQ,Pair Your Google Home Mini to a Bluetooth Speaker,UCjMVmz06abZGVdWjd1mAMnQ,Tech With Brett,2018-08-17,499362,4586,175,462,67017615,317000,435,53,7,15,1224.06005859375,2018-08-16,1221.1600341796875,2018-08-23
ICOmPm5xtzk,Full Tour of the NEW Google Home App,UCjMVmz06abZGVdWjd1mAMnQ,Tech With Brett,2018-10-15,485510,2960,269,393,67017615,317000,435,65,12,33,1120.5400390625,2018-10-12,1105.1800537109377,2018-10-19
naaX0DIhnag,Wake Up to Music With Your Google Home,UCjMVmz06abZGVdWjd1mAMnQ,Tech With Brett,2018-02-02,476192,5741,196,504,67017615,317000,435,55,14,33,1181.5899658203125,2018-02-01,1007.7100219726562,2018-02-08
_HeDEsw_VyI,Google Home Hub Setup &amp; Home View Walkthrough,UCjMVmz06abZGVdWjd1mAMnQ,Tech With Brett,2018-10-26,416368,3196,167,304,67017615,317000,435,45,4,22,1103.5899658203123,2018-10-25,1085.97998046875,2018-11-01
Jr0i1UHK0NA,Broadlink Mini 3 TV Remote Setup for Alexa &amp; Google Home,UCjMVmz06abZGVdWjd1mAMnQ,Tech With Brett,2018-08-11,364410,2608,186,422,67017615,317000,435,32,7,16,1252.510009765625,2018-08-10,1215.8499755859375,2018-08-17
tdY3Q0xqBvI,2019 Google Home App Update &amp; New Features,UCjMVmz06abZGVdWjd1mAMnQ,Tech With Brett,2019-11-11,231381,1875,85,245,67017615,317000,435,36,13,30,1309.0,2019-11-08,1333.5400390625,2019-11-15
hoPCRgvI-yE,Choose a New Voice For Your Google Home,UCjMVmz06abZGVdWjd1mAMnQ,Tech With Brett,2018-05-10,171291,1846,128,379,67017615,317000,435,48,20,54,1088.949951171875,2018-05-09,1084.0899658203123,2018-05-16
9WqGvjMzEBI,"GOOGLE HOME ya en ESPAÑA, lo probamos: Qué puedes y qué no puedes hacer con él",UCUrYBZGlEOSD1_ds_HcNd6A,Xataka TV,2018-06-19,555227,3892,450,438,217894504,763000,3041,13,5,90,1183.5799560546875,2018-06-18,1139.280029296875,2018-06-25
aac-3QLNXOk,SHOWDOWN: Google Home Hub VS New Amazon Echo Show!,UC9fSZHEh6XsRpX-xJc6lT3A,UrAvgConsumer,2018-11-20,518156,7054,361,985,401796481,3040000,899,291,48,196,1027.4200439453123,2018-11-19,1055.93994140625,2018-11-26
HrHe3Eop8uk,HABLANDO CON GOOGLE HOME,UCau9ZBF9vN8sNSc9fkbH3xg,soyrafaAnimacion,2020-03-28,510360,23393,185,752,42630191,342000,132,78,4,335,1110.260009765625,2020-03-27,1092.699951171875,2020-04-03
bfCSPDFj3cE,Provo Google Home e finisce MALISSIMO,UCHA-Jrd72-L3plh59UAhE7g,Otto Climan,2018-03-28,481678,10864,1248,667,22245501,153000,401,44,2,221,1006.9400024414062,2018-03-27,1018.6799926757812,2018-04-03
3butTaW67dw,Google Home en México y así lo probamos,UCL77wBJaCEeEe2gdcEqY6nQ,Unocero,2018-06-26,465077,7240,615,612,187740016,922000,4069,35,3,190,1139.280029296875,2018-06-25,1142.1099853515625,2018-07-02
NVJcjU8b0jM,"The NEW (Amazing) Google Home Smart Display Interface, and More Google Updates!",UCtRSKEipM17PF7n0mi66btQ,Automate Your Life,2020-10-24,61762,693,25,240,11610761,81900,519,52,6,32,1632.97998046875,2020-10-23,1616.1099853515625,2020-10-30
_8ORmA-nGEw,The Best Google Home Compatible Products In 2020,UCtRSKEipM17PF7n0mi66btQ,Automate Your Life,2020-02-26,53082,832,42,230,11610761,81900,519,41,6,14,1386.3199462890625,2020-02-25,1337.719970703125,2020-03-03
7b3pN7GVk8s,Google Home: 15 lustige Sprachbefehle und Easter Eggs – TURN ON Spezial,UCip1RVSGWtkukxd0Am1NiRQ,TURN ON,2017-08-23,417492,9491,401,568,78482149,265000,1336,104,1,162,940.4000244140624,2017-08-22,935.75,2017-08-29
bR63331fzBA,Google Home: Die wichtigsten Features im Überblick – TURN ON Spezial,UCip1RVSGWtkukxd0Am1NiRQ,TURN ON,2017-08-22,208474,2626,176,238,78482149,265000,1336,37,1,57,920.8699951171876,2017-08-21,928.1300048828124,2017-08-28
pkKhQrdW3LE,GOOGLE HOME | Qué es y cómo sacarle partido | ChicaGeek,UCGdlvijxkue8x5AyBrBUljQ,ChicaGeek,2018-12-10,409157,9750,325,552,50637771,476000,604,7,1,73,1046.5799560546877,2018-12-07,1051.7099609375,2018-12-14
Mb4tN-L6hc4,Google Home : le test complet avec des démos en français,UCgoxc-VKU0cw9BcM9z_qokg,Frandroid,2017-08-12,401279,2490,251,261,61558535,277000,1372,12,4,43,930.0900268554688,2017-08-11,926.1799926757812,2017-08-18
duIfmYaA1Sk,Don&#39;t Buy Smart Speaker 😡 | Google Home | Amazon Alexa Etc.,UC1D1vdq169T7w5iJ45zZL5Q,Technical Dost,2019-12-17,384872,29105,1303,1453,170217647,1910000,902,236,20,550,1360.699951171875,2019-12-16,1350.6300048828125,2019-12-23
fVn9gbAfzC0,"Google Home Mini Unboxing ,Setup &amp; Review ll in telugu ll",UCb-xXZ7ltTvrh9C6DgB9H-Q,Prasadtechintelugu,2018-05-04,380196,8339,446,870,284405019,1500000,2400,187,12,404,1026.300048828125,2018-05-03,1105.469970703125,2018-05-10
8FW4NSwtzow,Go On An Adventure With Mickey Mouse &amp; Google Home,UC_5niPa-d35gg88HaS7RrIw,Disney,2017-11-28,377803,1635,129,130,2956993299,4970000,875,23,7,34,1072.010009765625,2017-11-27,1011.8699951171876,2017-12-04
JpP7pvo6Z6g,Het slimste huis van Nederland met Google Home en Z-Wave,UCqsNfEAZ2UiubN60BSO3uIg,Tweakers Tech Hub,2019-05-27,360384,4644,206,742,27845837,65400,1658,46,7,239,1138.6099853515625,2019-05-24,1106.5,2019-05-31
EIhq2Cbug2c,Trải nghiệm cơn sốt GOOGLE HOME Mini nói tiếng Việt với iPhone,UCsFilrMH2u0mjbu0Cw2HTkQ,Mobile City,2019-07-07,345176,3868,105,143,195056911,551000,4931,5,1,51,1132.6700439453125,2019-07-05,1145.3399658203125,2019-07-12
RZNqSy-zFXo,Carpool | Google Home now supports multiple users,UCIG1k8umaCIIrujZPzZPIMA,Made by Google,2017-04-20,338545,2461,417,616,231777098,1130000,352,68,15,28,856.510009765625,2017-04-19,889.1400146484375,2017-04-26
-bTsfJ5Fvp4,Get to know Google Home Hub,UCIG1k8umaCIIrujZPzZPIMA,Made by Google,2018-10-09,165929,1347,187,195,231777098,1130000,352,41,20,44,1155.9200439453125,2018-10-08,1102.43994140625,2018-10-15
biFiEO2JZAw,"Google Home, o Android na sua casa [Análise / Review]",UC_bXJnsgwOqEPA_-6N6faKw,Canaltech,2017-04-03,324379,10897,323,325,447881510,2610000,4037,10,3,70,847.7999877929688,2017-03-31,842.0999755859375,2017-04-07
GXU_LP6WDB8,Google Home Mini [Análise / Review],UC_bXJnsgwOqEPA_-6N6faKw,Canaltech,2017-12-28,223248,8641,163,208,447881510,2610000,4037,7,3,60,1060.199951171875,2017-12-27,1091.52001953125,2018-01-03
pd1I025g75Q,Get to know Google Home Hub,UCK8sQmJBp8GCxrOtXWBpyEA,Google,2018-10-10,307641,2380,621,229,2523956523,9540000,2360,30,8,42,1145.1700439453125,2018-10-09,1133.0799560546875,2018-10-16
KgxGnZH94mA,Полный обзор Google Home,UCDF_NIAEkcAUvzxe1DUzaQA,Rozetked,2017-01-12,294880,7537,182,255,286799398,1240000,904,6,3,107,829.8599853515625,2017-01-11,829.02001953125,2017-01-18
XLzKS7EkjQM,Google Home Mini Smart Speaker - REVIEW,UCcGYJndqreqXMUZoOhn3E7A,JimsReviewRoom,2017-11-14,281394,3686,129,275,167246639,997000,619,76,11,57,1041.199951171875,2017-11-13,1034.6600341796877,2017-11-20
-D2iv5GszD4,"Controlando el aire acondicionado, la tele y mucho más con Google Home",UCe1FDuO_eqI4M9U9UyLBOhA,Just Unboxing,2019-01-08,270566,6206,150,631,86828429,518000,902,15,1,95,1075.9200439453123,2019-01-07,1051.510009765625,2019-01-14
Ql9xZUp2jOI,8 RAZONES por las que deberías comprar Google Home en lugar de Alexa,UCe1FDuO_eqI4M9U9UyLBOhA,Just Unboxing,2019-12-12,180599,3848,255,349,86828429,518000,902,14,4,105,1344.25,2019-12-11,1351.9100341796875,2019-12-18
XsMk2VDrypc,Las 5 rutinas que más utilizo con Google Home y Alexa,UCe1FDuO_eqI4M9U9UyLBOhA,Just Unboxing,2020-02-25,113261,2880,121,513,86828429,518000,902,23,5,178,1419.8599853515625,2020-02-24,1386.3199462890625,2020-03-02
EGakW4VMgMM,4 diferencias entre Google Nest Mini y Google Home Mini ¿merece la pena el cambio?,UCe1FDuO_eqI4M9U9UyLBOhA,Just Unboxing,2020-01-21,77233,1914,97,168,86828429,518000,902,8,3,57,1479.52001953125,2020-01-17,1431.72998046875,2020-01-27
28aUnKSJ_P8,"How Google Home Works? First Impression, Demo &amp; Setup | Digit.in",UCXpIVRiyfsMB2aXXn2yq6LA,Digit,2016-10-06,262347,1058,119,254,61949340,250000,3922,47,13,47,801.22998046875,2016-10-05,811.77001953125,2016-10-12
aGdhSlJuCrE,"Cuma Dengan 679RIBU, Rumah Udah Jadi Smarthome &amp; Makin Nyaman | Google Nest Mini 2 Review",UCN4NEg52XVGn_itFQqlESFA,DK ID,2020-03-22,258328,4333,237,479,112447901,701000,760,47,12,213,1068.2099609375,2020-03-20,1110.260009765625,2020-03-27
EpI68Nc2EGo,I&#39;m in Love with Google Home Mini - My New Personal Assistant,UCpgnh4y4rPc9jc_xpKBDm6Q,Sohag360,2018-04-11,256091,9498,589,1007,48888453,1090000,245,154,12,373,1036.5,2018-04-10,1079.3599853515623,2018-04-17
Gfc9UphfNxk,"Google Home unboxing, configuración y primer contacto - el altavoz INTELIGENTE en español-",UCYkoAtIMi6oFG_8SO5YrauQ,clipset,2018-06-19,251941,5017,436,397,402386237,2340000,1980,26,6,164,1183.5799560546875,2018-06-18,1139.280029296875,2018-06-25
vi5fvMZu0Ko,GOOGLE ASYSTENT OFICJALNIE W POLSCE. Tak steruje moim domem,UC-867iftJqBGr0mQ83xqyKw,Spider's Web TV,2019-01-16,223403,2563,289,379,36652800,115000,756,37,2,150,1086.510009765625,2019-01-15,1078.6300048828123,2019-01-22
bhh0aRUxV_w,الذكاء الاصطناعي في قلب بيتك | مراجعة Google Home Mini,UCuTqC4B8AhV5z_YrGlZeZ3g,Lawendy Tech لاوندي تك,2018-01-18,221706,5480,453,314,75869361,978000,559,9,0,181,1139.0999755859375,2018-01-17,1171.2900390625,2018-01-24
Akt5Rjv2D6k,10 Google Home Features You May Not Know— vs Alexa,UCwOBG77Tm8cE24FPxHb_abw,Smart Home Solver,2020-02-11,200814,3181,80,222,27040302,241000,123,59,9,23,1508.6600341796875,2020-02-10,1518.72998046875,2020-02-14
0DOmnG8NCQA,HomePod與Google Home先別吵架，四台智慧音響比較一次看!,UCAr4MVsPBKjhg5eLDDpbDFg,電獺少女-女孩的科技日常,2018-03-16,186467,1289,167,238,129588119,809000,1850,1,0,50,1150.6099853515625,2018-03-15,1053.1500244140623,2018-03-22
YR5sUebaK1U,Google Nest mini 智慧音箱 會說中文的 Google小姐 售價兩千台幣有找！,UCAr4MVsPBKjhg5eLDDpbDFg,電獺少女-女孩的科技日常,2019-11-30,173506,1682,55,208,129588119,809000,1850,2,1,89,1304.0899658203125,2019-11-29,1339.3900146484375,2019-12-06
AHRIcnBVvXI,Tu ASISTENTE PERSONAL en CASA: Google Home,UCok_yhjwg4WSx3s_2Yh8ZjQ,Topes de Gama,2018-06-23,185974,4045,158,260,695380312,3150000,3180,22,4,110,1169.2900390625,2018-06-22,1129.18994140625,2018-06-29
azwdn9xKxcI,TRUQUES AVANÇADOS / DICAS para GOOGLE ASSISTENTE / GOOGLE HOME e CELULARES ANDROID!,UCDUdvPnNWjQCif_GnrhUE6Q,EscolhaSegura,2019-09-25,183057,15372,240,430,229404306,1630000,1111,21,4,157,1218.3299560546875,2019-09-24,1206.0,2019-10-01
A2R1JUGIYas,GOOGLE HOME HADER GULDBORG!?,UCb4MDdp49a-9zP9MIj24f6g,Moller,2019-05-10,178803,4763,107,298,17355036,66600,261,15,3,67,1167.969970703125,2019-05-09,1184.5,2019-05-16
fzC-rlrCvEs,Bliver Uvenner Med Google Home!,UCnKXl4f_8Timd6gdJcNh7sw,Benjamin Jønsson,2019-01-08,176985,3982,256,291,62172219,131000,260,21,9,148,1075.9200439453123,2019-01-07,1051.510009765625,2019-01-14
c43nr5iBihg,Google Home Gør Mig Nervøs!,UCnKXl4f_8Timd6gdJcNh7sw,Benjamin Jønsson,2019-11-01,86799,3901,82,189,62172219,131000,260,19,2,110,1258.800048828125,2019-10-31,1306.93994140625,2019-11-07
zFr5K8rl1S8,Google Home Er IRRITERENDE!,UCnKXl4f_8Timd6gdJcNh7sw,Benjamin Jønsson,2019-03-20,63541,2411,64,153,62172219,131000,260,18,8,78,1202.4599609375,2019-03-19,1189.8399658203125,2019-03-26
f0abR0j8Z5g,تجربتي مع الإخوة الاعداء  Google home و amazon alexa ولماذا قررت ان استعملهما معا !,UCO58fldVogtwlz7c2PTeWrg,قناة المحترف | Almohtarif channel,2018-01-24,152216,6894,379,936,264541054,3790000,1436,13,2,347,1176.1700439453125,2018-01-23,1177.3699951171875,2018-01-30
v6sR43O__8A,Google Home - Cum să-ți faci casa smart (Review în Română),UCibISIUAQA-V4tyoHU5nilw,Darwin,2017-02-25,151006,3793,97,256,36230278,164000,566,14,0,54,847.8099975585938,2017-02-24,849.0800170898438,2017-03-03
H3QGhIyKrUI,Getest: hoe handig is de Google Nest Hub?,UCDmYblK8ScOM4LEfXCQNzCw,Bright,2019-02-13,149946,3221,236,123,61568251,222000,2079,17,0,40,1127.5799560546875,2019-02-12,1126.510009765625,2019-02-19
0db9y-Ep_5Y,Google Nest Mini: de beste goedkope slimme speaker?,UCDmYblK8ScOM4LEfXCQNzCw,Bright,2019-10-25,133791,1827,78,877,61568251,222000,2079,225,4,471,1259.1099853515625,2019-10-24,1258.800048828125,2019-10-31
vcU6eXY3v2Q,"AMAZON ECHO vs GOOGLE HOME, QUALE COMPRARE? rispondo alle vostre domande | TuttoAndroid",UCfzijU5thstIWeAQI4a-jag,TuttoAndroid,2018-11-21,147840,2992,117,240,75089324,278000,2858,10,5,82,1030.449951171875,2018-11-20,1052.280029296875,2018-11-27
m5hiFurj7iQ,Google Home : Ça sert à quoi ?,UCaybrunQi8xWgPMgv1AYBHw,TheiCollection,2017-08-04,140705,5808,174,353,118628624,705000,789,38,4,149,940.2999877929688,2017-08-03,923.5900268554688,2017-08-10
_y9QVyEb0N4,Google Home Hub Review - Honestly Underrated,UC7V6hW6xqPAiUfataAZZtWA,Android Police,2018-12-26,140665,2523,135,150,76914719,354000,920,38,8,18,984.6699829101562,2018-12-24,1044.9599609375,2018-12-31
_50mX5txyB8,Google Home in de woonkamer - Vraag het Google,UCIqEvFk7y5-VhSJopkjebMA,Google Nederland,2018-10-30,130169,1080,129,208,34314720,161000,212,8,2,59,1034.72998046875,2018-10-29,1055.72998046875,2018-11-05
pCBy_HGybKY,Google Home in de slaapkamer - Vraag het Google,UCIqEvFk7y5-VhSJopkjebMA,Google Nederland,2018-11-13,63291,771,111,202,34314720,161000,212,6,3,73,1049.3599853515623,2018-11-12,1027.4200439453123,2018-11-19
0O-CYBbW4Z8,Google Home Unboxing and Review in Sri Lanka,UCETxOvOv9_44-CUzsPlzyxQ,Chanux Bro,2017-05-01,125871,4492,89,742,86892771,986000,1161,85,5,326,924.52001953125,2017-04-28,950.280029296875,2017-05-05
TXnhmEV-7Cs,Google Home Mini in Sri lanka,UCETxOvOv9_44-CUzsPlzyxQ,Chanux Bro,2017-12-14,74905,2559,53,486,86892771,986000,1161,60,1,240,1051.3900146484377,2017-12-13,1073.56005859375,2017-12-20
h8Gc0wN6T0o,"Google Home, Siri és az OKOSOTTHON S03E19",UCRJovKcgUL7QumDE1YsLqzg,Magyarósi Csaba,2019-02-13,124838,3027,68,228,95711109,337000,908,48,4,91,1127.5799560546875,2019-02-12,1126.510009765625,2019-02-19
EU0vHTl9uFg,Apple HomePod vs Google Home Max,UCFfCqe7b9YiDk2ZiAG8UIGA,Flossy Carter,2018-03-02,124253,3232,111,578,273190149,1600000,2137,138,27,105,1071.4100341796877,2018-03-01,1129.3800048828125,2018-03-08
kj8HCy7P0rM,"Google Home: Unboxing, обзор, МНЕНИЕ",UCY03gpyR__MuJtBpoSyIGnw,Droider.Ru,2016-11-30,117988,4928,149,245,247491240,1100000,1886,10,3,140,789.4400024414062,2016-11-29,776.1799926757812,2016-12-06
_NYnMghf0fY,Lebih Pintar Mana Dibanding Google Home? – Xiaomi AI Speaker,UCfYbnuBqxaiuN97HOSuQ_XA,HEYRIAD,2018-09-17,117547,1853,93,134,24654162,238000,218,6,1,62,1177.97998046875,2018-09-14,1172.1199951171875,2018-09-21
JVZgcsSVUvQ,Echo Dot 3  vs Google Home Mini - Was lohnt sich mehr? - Venix,UCHnFHitawGGUK8lJ86lOuOw,Venix,2018-10-27,113447,1971,150,256,11513812,54700,495,14,2,54,1083.75,2018-10-26,1071.489990234375,2018-11-02
A9g7cVMSc3g,涤纶测评 | 电器合集--智能家电篇（Google Home、小米吸尘器、NEST、智能门锁等）,UCKB4yglMissJu2TwbLGCq8A,Vicky Soupsss,2019-02-26,111401,4557,91,701,45359421,305000,297,15,1,612,1117.3299560546877,2019-02-25,1153.4200439453125,2019-03-04
mr8geZijSV0,Mon utilisation de Google Home : Chromecast et Philips Hue - Appartement connecté,UC_zfiJdVs7J4N_Aou5KGLEg,Frédéric JEAN,2018-11-25,107561,1408,92,331,10278607,84000,323,43,2,52,1030.0999755859377,2018-11-23,1109.6500244140623,2018-11-30
tv_S_jz-Qg4,Mein Google Home Review!,UCF_n906__yoMtxZQtmqmZbA,iKnowReview,2017-08-16,107334,4289,98,425,100354147,392000,622,56,5,145,938.0800170898438,2017-08-15,940.4000244140624,2017-08-22
qKysn4F21eQ,"Trên tay Google Home Mini, điều khiển nhà thông minh bằng giọng nói CỰC CHẤT",UCzysw4JlmrANVd-DB3GXbjQ,KTheme. com,2019-11-12,102151,2196,102,107,122625226,518000,1962,9,1,51,1298.280029296875,2019-11-11,1319.8399658203125,2019-11-18
dio_eeSmXbg,TABLET BISA NGOMONG? Google Home Hub Unboxing Indonesia,UCg_vCUNRzKCOLxrrZqrQ0Yw,Bestindotech,2019-03-26,99435,1692,60,110,73428385,455000,498,19,1,59,1197.3800048828125,2019-03-25,1198.97998046875,2019-04-01
Xvw2NyKf284,Google Homeに「うんこ」と言わせることに成功した,UC8g17oXkRt8buwQL8GU-NSw,ラムダ技術部 / Yoidea,2020-09-23,99343,4382,39,368,10571212,108000,92,1,0,233,1459.8199462890625,2020-09-22,1466.02001953125,2020-09-29
MNMEaDxmvDc,جوجل هوم ميني | حول منزلك لبيت ذكي | أفضل من امازون اليكسا؟ Google Home mini,UC5dfttydNOVPXRYc0q-g_Kg,Raqami tv | رقمي,2018-02-09,97552,4703,309,594,316918952,2470000,2123,9,0,350,1007.7100219726562,2018-02-08,1091.3599853515623,2018-02-15
55yejDKaTis,I Did Some Fun with Google Home Mini!,UCpum5I3etoFHzp8ixpKuRmA,Tech to the Point - TTP,2020-01-08,95632,5787,173,514,18074064,403000,180,32,1,119,1395.1099853515625,2020-01-07,1430.5899658203125,2020-01-14
bqZcv5vJkTI,Google Nest Mini: Můj nový chytrý asistent (Recenze),UCiYYrqaZBdyiJVM-TrFmNKw,GeekBoy,2020-01-05,92167,3348,76,354,8456432,98400,183,30,5,82,1361.52001953125,2020-01-03,1428.9599609375,2020-01-10
468UHQTQj3E,Google Home in Bangladesh,UCmeq8j7qx6o5AKKMW2rVoBg,Ami Babu,2018-01-26,83802,2367,120,307,14265511,189000,190,45,0,103,1182.1400146484375,2018-01-25,1181.5899658203125,2018-02-01
D0OuDH0esUo,How Google Lost The Smart Home Race To Alexa,UCYLnawaM-36HncBBUeWrlGA,Paul Hibbert,2020-09-12,84218,3781,166,767,16344775,122000,295,254,74,71,1515.760009765625,2020-09-11,1451.0899658203125,2020-09-18
2uJ-D8LwKXA,Google Home / Alexa Wifi Blind Motor For Chains &amp; Cords,UCYLnawaM-36HncBBUeWrlGA,Paul Hibbert,2020-05-23,83028,2738,53,360,16344775,122000,295,90,32,42,1413.239990234375,2020-05-22,1433.52001953125,2020-05-29
-YPGPr7gPN0,Google Home einrichten und erster Eindruck,UCtVRqyK1SGKqOlER5-mnKZQ,Technikfaultier,2017-08-08,83395,1109,81,131,119576093,284000,3143,24,0,42,945.75,2017-08-07,938.9299926757812,2017-08-14
wZG1c2zItRU,Google Home / Home Mini: unboxing e prima configurazione,UCog4OxFFbS9vF4G6rPCueoQ,SmartWorld,2018-03-23,83060,878,83,104,10358926,39800,1435,5,3,45,1053.1500244140623,2018-03-22,1037.1400146484377,2018-03-29
fQip28zZ-L0,TRUCOS SECRETOS DE GOOGLE (HOME) 😱 ¡Esto ya parece humano!,UCwwnVTaTXevgCfVzdpYgDXw,SerCompatriot,2020-07-31,82714,8033,187,509,28931317,408000,216,51,22,294,1538.3699951171875,2020-07-30,1504.949951171875,2020-08-06
BXJ8QS4sSqU,Amazon Echo vs Google Home - Why the Echo is better,UCFLyvD13JJG7gXrCmbK8uJQ,Craig's Tech Talk,2019-05-05,59270,1243,96,263,10711060,85500,241,70,8,23,1189.550048828125,2019-05-03,1167.6400146484375,2019-05-10
6YoZhOy3F5A,GOOGLE HOME: Dicas nas Rotinas para personalização de Comandos de Voz da Automação Residencial #01,UCJVNMCRyqNf2ETPbLNoWp8A,Attilio Catalane,2019-05-23,71648,3816,31,1193,3239413,51900,181,10,1,69,1155.8499755859375,2019-05-22,1119.93994140625,2019-05-29
qdZVy6vj-F4,"Automação Residencial : Primeiros Passos, Conceitos Básicos, Preços, Google Home, Amazon Alexa",UCJVNMCRyqNf2ETPbLNoWp8A,Attilio Catalane,2019-05-01,70549,3441,33,542,3239413,51900,181,5,0,47,1198.9599609375,2019-04-30,1178.8599853515625,2019-05-07
9GJWatY1wV4,Google Home &amp; Amazon Alexa: Diferenças e Configurações que podem auxiliar na escolha do Assistente,UCJVNMCRyqNf2ETPbLNoWp8A,Attilio Catalane,2019-11-20,68335,3641,56,888,3239413,51900,181,21,5,126,1312.5899658203125,2019-11-19,1313.0,2019-11-26
fGU41PVbRJs,Como Transformar seu Smartphone ANTIGO em um GOOGLE HOME,UCk70TYJHmZ_tsBKo-_SjP1w,CanalJMS Tech,2018-09-15,67141,3315,141,169,199984251,1850000,829,11,0,59,1177.97998046875,2018-09-14,1172.1199951171875,2018-09-21
0xIUpgoLuN4,Google Home Hub - Chiar aveam nevoie de el? [UNBOXING &amp; REVIEW],UCNz5n8PoSGYSwkOH_SMnl2A,George Buhnici,2018-11-19,64442,1809,61,196,222200162,1000000,2221,26,1,108,1068.27001953125,2018-11-16,1030.0999755859377,2018-11-23
xEo8SybVB_Q,"20 Useful Google Assistant Commands for 2020! (Google Home Mini, Nest, Hub)",UCxg8tC0Ng0T6xizqsPWnV7g,Noah Herman,2020-05-09,63851,718,64,136,30552629,151000,407,59,6,34,1384.3399658203125,2020-05-08,1373.06005859375,2020-05-15
AmmHrJ3ze3M,Google Home Mini - Unboxing &amp; Overview in HINDI,UCtqJlnJApltJBgfkq8j_KuA,The Nutri Gurl,2018-07-16,61856,1821,186,285,139855108,1440000,943,130,10,118,1204.4200439453125,2018-07-13,1197.8800048828125,2018-07-20
sfyHbN-ZNas,聲控生活開始！Google Home生活小管家開箱《阿倫來介紹》,UCLh9M5KxWSlIqh2EC8ja_ug,Alan Channel / 阿倫頻道,2018-02-11,60523,1138,22,148,98092691,492000,1042,0,0,101,1046.27001953125,2018-02-09,1095.5,2018-02-16
owq96S3UzhA,Google Nest Mini: Resmi di Indonesia. Apa bedanya dengan Home Mini?,UCMcc3QaUOdBVf3fY4G5pLCg,Ario Pratomo,2020-03-07,54923,896,35,149,7106123,65700,258,8,1,42,1295.739990234375,2020-03-06,1214.27001953125,2020-03-13
OlC__4Hw9w8,Google Home Max Review,UCgyqtNWZmIxTx3b6OxTSALw,Android Authority,2018-02-24,54288,1281,70,106,758280269,3370000,3839,25,7,24,1128.0899658203125,2018-02-23,1084.1400146484377,2018-03-02
